{"cameraMode":{"drawMode":0,"name":"Shaded","section":"Shading Mode"},"sceneLighting":true,"audioPlay":false,"sceneViewState":{"m_AlwaysRefresh":false,"showFog":true,"showSkybox":true,"showFlares":true,"showImageEffects":true,"showParticleSystems":true,"showVisualEffectGraphs":true,"m_FxEnabled":true},"in2DMode":false,"pivot":{"x":-0.22211769223213197,"y":0.06510615348815918,"z":-0.04150819778442383},"rotation":{"x":-0.0010726130567491055,"y":0.966813862323761,"z":-0.25544416904449465,"w":-0.004059692844748497},"size":3.007394790649414,"orthographic":false}